TF_gene,Target_gene
ORC2,SLC35E1
MCM2,SLC35E1
MCM5,DENND2D
XPC,INO80D
MIS18BP1,INO80D
MCM7,NDRG2
MCM7,GP9
MCM7,NAP1L3
POLR1B,MDN1
PA2G4,MDN1
CENPK,LAX1
GTF2F1,LAX1
MCM3,LAX1
JUN,KLF6
BTG2,KLF6
MCM5,KLF6
MAPK1,HSPH1
MIS18BP1,HSPH1
MCM4,ATP11C
TLR4,ATP11C
IRF7,IGTP
POLR1B,IGTP
IRF9,IGTP
MCM5,ST8SIA4
XPC,ST8SIA4
FEM1B,SPIDR
NFATC2,REL
RELB,REL
NFKBIA,REL
MCM6,CASP1
TLR4,CASP1
DDX58,CASP1
MAPK1,CASP1
MCM7,TOP3B
PA2G4,TOP3B
MAPK1,LYN
TLR4,LYN
CTR9,SPNS2
MCM5,MYO5A
STAT2,MYO5A
PA2G4,ZC3H7A
ABL1,RB1
H1F0,RB1
E2F4,RB1
MCM7,RB1
HDAC2,RB1
SMARCA2,RB1
MYC,SGCE
RB1,HDGF
ZFP36,BTG2
EGR1,BTG2
KLF6,BTG2
JUN,BTG2
MIS18BP1,SDC4
MCM6,NCAPG
MCM5,NCAPG
MCM3,NCAPG
MCM7,NCAPG
PLAG1,NCAPG
MIS18BP1,NCAPG
CENPK,NCAPG
MCM2,NCAPG
MCM4,NCAPG
RAD51,NCAPG
MCM4,GM5111
IRF9,GM5111
GTF2F1,SNRPB
POLR2B,SNRPB
YBX1,SNRPB
DDX20,SNRPB
SNRPB,SLC16A1
SNRPB,CAMK2D
MCM4,CAMK2D
MAPK1,PRKCD
PA2G4,PRKCD
HDAC2,VDR
IRF7,IFI27L2A
REXO4,ABL1
SPI1,ABL1
CBFB,ABL1
MAPK12,ABL1
RAD51,ABL1
RB1,ABL1
MYC,ABL1
MCM7,ABL1
PHB2,DEF8
MIS18BP1,DEF8
MCM3,IFI209
JUN,SVIP
MCM4,SVIP
MCM7,CDC7
MCM6,CDC7
ORC2,CDC7
MCM4,CDC7
TLR4,CDC7
MCM5,CDC7
MCM2,CDC7
SPO11,CDC7
MCM3,CDC7
SPI1,ALAS1
MCM4,HJURP
CENPK,HJURP
MIS18BP1,HJURP
DDX58,HJURP
ABL1,PSTPIP1
CENPK,SGMS1
MCM4,H2-AA
MCM7,PBK
CENPK,PBK
MCM2,PBK
MCM4,PBK
RAD51,PBK
TCF19,PBK
MCM6,PBK
MIS18BP1,PBK
MCM3,PBK
HMGB2,PBK
MCM5,CTLA2B
MCM3,CTLA2B
IKZF1,ATP1B3
GATA2,ATP1B3
MAPK1,ATP1B3
ABL1,ZFP24
RB1,PRIM1
MCM4,PRIM1
MCM7,PRIM1
RAD51,PRIM1
MCM2,PRIM1
MCM5,PRIM1
ORC2,PRIM1
MCM3,PRIM1
MCM6,PRIM1
ZBTB16,PSAT1
MCM3,RIN3
FEM1B,UMPS
MCM3,UMPS
MCM7,AW112010
MCM5,AW112010
TLR4,CD274
E2F4,CD274
HDAC2,DCAF13
POLR1B,DCAF13
ERCC8,DCAF13
PA2G4,DCAF13
MCM3,MCPT8
POLR2B,DOK2
ABL1,DOK2
MAPK1,PPID
MCM2,9430015G10RIK
XPC,9430015G10RIK
EBF1,9430015G10RIK
ZBTB16,9430015G10RIK
MCM6,TFRC
MCM5,TFRC
MIS18BP1,TFRC
MCM7,TFRC
ORC2,NPTN
ZBTB16,ZNRF2
RNF4,ZNRF2
MCM3,ELMO2
CREB5,ELMO2
MYB,STX3
BTAF1,ATAD2
ERCC8,ATAD2
MCM4,ATAD2
MCM6,POLD1
ERCC8,POLD1
XRCC6,POLD1
POLR2B,POLD1
RAD51,POLD1
CENPK,POLD1
MCM7,POLD1
XPC,POLD1
MCM2,POLD1
ORC2,POLD1
IRF9,IRGM2
STAT2,IRGM2
IRF7,IRGM2
TCF19,TXNDC11
YBX1,EFTUD2
MCM7,EFTUD2
GTF2F1,EFTUD2
POLR2B,EFTUD2
SNRPB,EFTUD2
RB1,CCNE2
MCM6,CCNE2
E2F4,CCNE2
MCM5,CCNE2
MCM4,CCNE2
MCM3,CCNE2
ZFP36,ITPR1
MCM3,ARL6IP6
MCM5,ARL6IP6
CENPK,ARL6IP6
MCM5,FGGY
MCM2,FGGY
CENPK,FGGY
NFKBIA,PRMT7
MCM3,PRMT7
CENPK,PRMT7
DDX58,PRMT7
MYC,PIM2
CENPK,NUP107
MCM7,NUP107
FEM1B,SOCS2
ZBTB16,SOCS2
MLLT3,DEK
POLR1B,DEK
HMGB2,DEK
POLR1B,SLC37A1
ZBTB16,ITCH
PA2G4,ITCH
RNF4,ITCH
MCM2,MOGS
CENPK,MOGS
MCM2,FAM91A1
ORC2,MCM7
STAT2,MCM7
MCM6,MCM7
MCM3,MCM7
MCM2,MCM7
MCM4,MCM7
MCM5,MCM7
POLR2B,MCM7
TAF12,MCM7
RAD51,MCM7
MCM5,SHISA8
RB1,SHISA8
ORC2,CALCRL
MCM6,CALCRL
MCM6,MYO1G
MCM7,PSMC2
RELB,PSMC2
REL,PSMC2
NFKBIA,PSMC2
EPAS1,PSMC2
HIF3A,PSMC2
YBX1,HLF
MCM5,HLF
MIS18BP1,HLF
RB1,HLF
CSRP3,ISG20
TCF19,ISG20
IRF7,ISG20
RNF4,ISG20
MCM3,ZFP422
ZBTB16,ZFP422
CENPK,NDC80
MCM2,NDC80
MCM5,NDC80
MCM4,NDC80
MCM7,NDC80
MIS18BP1,NDC80
MCM3,NDC80
HDAC2,CBX5
HDAC7,CBX5
HDAC11,CBX5
MYC,CD44
MCM2,CD44
TLR4,CD44
JUN,CD44
ABL1,KCNQ1OT1
TSC22D3,KCNQ1OT1
MCM6,KCNQ1OT1
FEM1B,ZBTB16
RNF4,ZBTB16
MAPK12,SUSD3
MCM7,SUSD3
MCM4,NCLN
CENPK,SPC24
MCM7,SOX18
MAPK12,ZMIZ1
JUN,MTOR
MAPK1,MTOR
FOXO1,MTOR
MYC,MTOR
MCM4,MTOR
NFKBIA,MTOR
MCM3,4833439L19RIK
MAPK1,4833439L19RIK
SNRPB,ARHGEF39
MCM2,TTF2
PA2G4,FAM189B
MCM2,RFC5
DDX58,RFC5
MCM7,RFC5
POLR2B,RFC5
MCM6,RFC5
ERCC8,RFC5
MCM5,RFC5
MCM4,RFC5
GTF2H1,RFC5
MCM3,RFC5
GFI1B,AZIN1
POLR2B,AZIN1
POLR2B,ATAD1
MCM6,ATAD1
DDX58,CENPK
MIS18BP1,CENPK
MCM7,MNS1
RAD51,MNS1
PA2G4,MNS1
MCM6,FUT7
MCM7,ALDH18A1
MCM5,ALDH18A1
REXO4,IL21R
TCF19,CDCA3
MCM5,CDCA3
CTR9,ZEB2
MAPK1,ACLY
PA2G4,ACLY
SMARCA2,EIF2S1
SPI1,EIF2S1
HDAC7,HDAC11
HDAC2,HDAC11
MCM2,SYTL1
RAD51,F630028O10RIK
GTF2H1,TACC3
RB1,GUCY1A1
MCM5,GUCY1A1
PA2G4,MTO1
MCM7,MTO1
RAD51,MTO1
MCM2,NDUFV1
ZBTB16,NDUFV1
LZTS1,NDUFV1
FOXO1,PATL1
MLLT3,PATL1
ABL1,HK3
RAD51,NUBP2
ORC2,NUBP2
MCM6,GALNT6
MCM7,API5
DDX58,ARID2
SMARCA2,ARID2
PHF10,ARID2
CBFB,ARID2
POLR1B,PTPN7
MAPK1,PTPN7
MAPK12,PTPN7
RORA,RORC
MCM4,RORC
NR3C2,STIP1
HMGB2,STIP1
GTF2H1,XPC
XRCC6,XPC
ERCC8,XPC
BTG2,XPC
RAD51,TCIRG1
MYC,RAD51AP1
RAD51,RAD51AP1
XRCC3,RAD51AP1
MCM3,RAD51AP1
SPI1,RAD51AP1
MCM5,RAD51AP1
RAD51,TOP2A
MCM6,TOP2A
TCF19,TOP2A
MCM4,TOP2A
MIS18BP1,TOP2A
MCM3,TOP2A
MCM5,TOP2A
MCM2,TOP2A
HMGB2,TOP2A
MCM7,TOP2A
RB1,POLA2
MCM3,POLA2
NFKBIA,POLA2
PA2G4,POLA2
MCM4,POLA2
EYA2,POLA2
ORC2,POLA2
MCM7,POLA2
MCM2,POLA2
MCM5,POLA2
CENPK,ECT2
MIS18BP1,ECT2
MCM2,ECT2
MCM4,ECT2
RAD51,ECT2
RNF4,HDAC7
HDAC11,HDAC7
KLF6,HDAC7
HDAC2,HDAC7
HDAC11,TFR2
PA2G4,DHX33
REXO4,DHX33
POLR1B,DHX33
POLR2B,PLA2G15
MIS18BP1,PLA2G15
NFKBIA,NUP155
MCM7,NUP155
SPI1,EMID1
MCM3,IGSF6
RAD51,GPD1L
RAD51,XRCC6
SPO11,XRCC6
MCM4,XRCC6
ERCC8,XRCC6
XPC,XRCC6
XRCC3,XRCC6
ORC2,DCK
MCM6,DCK
MAPK1,BCAP29
MAPK1,ANXA5
RELB,ANXA5
MYC,ANXA5
IRF8,NAPSA
MCM2,NAPSA
IRF7,B230219D22RIK
RELB,B230219D22RIK
GTF2H1,USP11
XPC,USP11
NFKBIA,USP11
REXO4,USP11
PA2G4,SH3BGRL
E2F4,GABBR1
MAPK1,KIF13A
MIS18BP1,CDCA5
TCF19,CDCA5
MCM7,CDCA5
CENPK,CDCA5
RAD51,CDCA5
MCM2,CDCA5
MCM3,CDCA5
MCM5,CDCA5
CENPK,VKORC1L1
RAD51,VKORC1L1
ORC2,VKORC1L1
POLR1B,PDIA4
RORA,RCOR1
GFI1B,RCOR1
ERCC8,RCOR1
XRCC6,RCOR1
HDAC2,RCOR1
XPC,RCOR1
RARB,FASTKD2
MCM6,TYMS
MCM7,TYMS
MCM4,TYMS
MCM3,TYMS
MCM2,TYMS
MCM5,TYMS
XRCC6,TYMS
CBFB,SFXN1
MYC,MYB
SPI1,MYB
REL,CD68
MCM2,LTB
DDX58,LTB
XRCC6,LTB
REXO4,EAF1
MLLT3,EAF1
POLR2B,EAF1
GTF2F1,EAF1
CTR9,EAF1
GTF2H1,EAF1
MLLT3,CTR9
MCM7,CTR9
GTF2H1,CTR9
GTF2F1,CTR9
POLR2B,CTR9
RB1,HDAC2
SMARCA2,HDAC2
JARID2,HDAC2
CBX7,HDAC2
DDX20,HDAC2
HDAC11,HDAC2
MCM4,HDAC2
HDAC7,HDAC2
GFI1B,HDAC2
MECOM,HDAC2
MCM7,TNIP3
MCM2,TNIP3
CENPK,SHCBP1
MIS18BP1,SHCBP1
MCM5,SHCBP1
POLR1B,SHCBP1
RAD51,SHCBP1
NFKBIA,TM6SF1
XPC,TM6SF1
MCM3,TM6SF1
TLR4,LONP2
REL,LONP2
STAT2,LONP2
GTF2F1,LONP2
CENPK,ITGAL
REL,TEX10
HCFC1,TEX10
RUVBL2,TEX10
SPI1,TEX10
PA2G4,TEX10
IRF7,MFNG
YBX1,TNFRSF13C
POLR2B,TRIM35
MCM7,TRIM35
YBX1,TRIM35
XRCC3,SPO11
XRCC6,SPO11
RAD51,SPO11
ORC2,NAMPT
IRF9,NAMPT
MIS18BP1,NAMPT
SPO11,MORC3
JUN,MORC3
POLR2B,RCSD1
MCM5,HNRNPAB
MCM3,TMEM97
MCM5,TMEM97
ORC2,PTCD3
ORC2,TBC1D5
XRCC3,TBC1D5
MIS18BP1,GNG11
CBFB,TUBA4A
HIF3A,GLRX5
MCM6,IL12A
MCM7,HELLS
RAD51,HELLS
MCM4,HELLS
MCM5,HELLS
MCM6,HELLS
MCM3,HELLS
MCM2,HELLS
HDAC2,SGPP1
MCM6,RAP1B
MAPK1,RAP1B
HIF3A,S100A6
MCM5,S100A6
REXO4,PA2G4
MAPK1,PA2G4
POLR1B,PA2G4
HMGB2,MKI67
MYC,MKI67
POLR2B,MKI67
MCM3,MKI67
MCM2,MKI67
MCM6,MKI67
MCM5,MKI67
MIS18BP1,MKI67
MCM7,MKI67
POLR1B,ABCE1
PA2G4,ABCE1
MCM3,ADK
ORC2,ADK
CENPK,ADK
CTR9,ADK
MLLT3,ADK
EGR1,JUN
MYC,JUN
TLR4,JUN
MAPK12,JUN
NFATC2,JUN
MAPK1,JUN
POLR2B,JUN
BTG2,JUN
SPI1,JUN
CREB5,JUN
MAPK1,RPTOR
IRF9,OASL2
IRF7,OASL2
DDX58,OASL2
STAT2,OASL2
FEM1B,OASL2
MCM4,OASL2
PA2G4,ERGIC1
PA2G4,CCDC50
MCM3,CCDC50
MCM2,CCDC50
RNF4,CSF2RB
MCM7,CSF2RB
REL,CSF2RB
SPI1,CSF2RB
MIS18BP1,FAM102B
PA2G4,MC5R
MYB,MC5R
MCM2,MC5R
FOXO1,MC5R
BTG2,ZFP36
RELB,ZFP36
ORC2,ZFP36
RNF4,UBE2C
ZBTB16,UBE2C
RAD51,UBE2C
MCM5,UBE2C
CBX7,UBE2C
MCM3,UBE2C
MCM2,UBE2C
MCM6,METAP1
MCM4,METAP1
HIF3A,METAP1
POLR2B,METAP1
MCM6,MIR17HG
MCM4,KIF20B
MCM3,KIF20B
MIS18BP1,KIF20B
RAD51,KIF20B
MCM6,KIF20B
MCM5,KIF20B
MCM7,KIF20B
MCM2,KIF20B
ORC2,KIF20B
CENPK,KIF20B
MCM7,MCM2
RAD51,MCM2
MCM4,MCM2
MCM6,MCM2
ORC2,MCM2
MCM5,MCM2
MCM3,MCM2
MCM3,GRINA
MCM4,CD9
MCM7,ORC2
MCM6,ORC2
MCM3,ORC2
MCM5,ORC2
MCM2,ORC2
MCM4,ORC2
POLR1B,NKG7
XRCC6,NKG7
MCM3,WDR43
MIS18BP1,WDR43
MCM5,WDR43
REXO4,WDR43
PA2G4,WDR43
POLR1B,WDR43
MCM3,GMCL1
CENPK,GMCL1
NFKBIA,SNAP23
MYC,SNAP23
MAPK12,NCF1
CENPK,NUF2
MCM4,NUF2
MCM5,NUF2
RAD51,NUF2
MCM3,NUF2
MCM7,NUF2
MIS18BP1,NUF2
RAD51,AURKB
MCM6,AURKB
MCM4,AURKB
MYCN,AURKB
CENPK,AURKB
HMGB2,AURKB
MCM5,AURKB
TCF19,AURKB
MIS18BP1,AURKB
MCM7,AURKB
RB1,NEDD1
XPC,NEDD1
BTG2,NEDD1
TOPORS,NEDD1
GTF2F1,AI506816
MCM4,SNRNP200
POLR2B,SNRNP200
SNRPB,SNRNP200
YBX1,SNRNP200
GTF2F1,SNRNP200
ZBTB16,SNRNP200
PHF10,ZHX1
BTAF1,UBA2
GTF2F1,UBA2
MCM5,UBA2
GTF2H1,GIMAP1OS
MCM3,TARS
TAF12,DDX39
RAD51,DDX39
TCF19,GOLPH3
RNF4,GOLPH3
MCM7,GOLPH3
MCM5,SHMT1
ZBTB16,SHMT1
RAD51,STARD7
ZBTB16,WSB1
MCM4,WSB1
FEM1B,WSB1
PA2G4,WSB1
RNF4,WSB1
CTR9,WSB1
MCM6,PCMTD1
IRF7,TLR4
SPI1,TLR4
JUN,TLR4
DDX58,TLR4
MAPK1,FOXO1
EBF1,FOXO1
APBB1,FOXO1
NDN,FOXO1
MYC,FOXO1
FOXO1,C1RL
NDN,ATP10A
DEK,TMEM33
JUN,LMO4
GATA2,MYC
MAPK1,MYC
MED16,MYC
MYB,MYC
SMARCA2,MYC
JUN,MYC
ABL1,MYC
FOXO1,MYC
STAT2,IRF7
TLR4,IRF7
IRF9,IRF7
XRCC3,IRF7
DDX58,IRF7
IRF8,KPNA1
MCM7,KPNA1
RAD51,KPNA1
MCM6,KPNA1
PHB2,KPNA1
SPI1,MAN2A2
MIS18BP1,MAN2A2
RAD51,MAN2A2
MCM7,LIG1
GTF2H1,LIG1
MCM4,LIG1
RAD51,LIG1
MCM6,LIG1
POLR2B,LIG1
MCM2,LIG1
MCM3,LIG1
MCM5,LIG1
ERCC8,LIG1
TCF19,SELENBP1
ZBTB16,PTPRS
MCM7,PTPRS
RPS6KA5,TUBGCP3
APBB1,NDC1
SPI1,NDC1
RNF4,NDC1
NDN,MSMO1
MCM2,DOCK11
MCM7,CYP4V3
MCM5,RARS
RARB,RARS
MCM5,TK1
POLR2B,TK1
CENPK,COPB1
POLR1B,COPB1
MCM4,CTSZ
MCM7,CTSZ
PHF10,NDE1
CENPK,NDE1
MCM6,DTL
MCM4,DTL
MCM3,DTL
MCM5,DTL
ERCC8,DTL
MCM2,DTL
SPI1,DTL
TLR4,COL4A1
MIS18BP1,CKAP2
MCM6,CKAP2
STAT2,APOE
EPAS1,CSE1L
MCM2,CSE1L
ABL1,FLOT2
NR3C2,HSPA1A
POLR2B,GYS1
MYC,CDK6
MCM7,CDK6
CBFB,CDK6
RB1,CDK6
ABL1,CDK6
JUN,CDK6
MCM2,CDK6
E2F4,CDK6
MCM3,CDK6
TLR4,CSF1R
IRF8,CSF1R
SPI1,CSF1R
GFI1B,SELENOP
POLR2B,ATP8B4
MCM7,ATP8B4
CENPK,ATP8B4
CBFB,GRIA3
MCM5,CDC45
ORC2,CDC45
MCM4,CDC45
MCM6,CDC45
RAD51,CDC45
MCM7,CDC45
MCM2,CDC45
MCM3,CDC45
MYCN,CDC45
MCM3,OBSL1
APBB1,ANKRD44
MCM6,ANKRD44
ERCC8,ANKRD44
SPI1,CHORDC1
MCM3,CHORDC1
POLR2B,CHORDC1
XRCC6,AKAP8L
RELB,AKAP8L
HDAC2,PIDD1
MCM5,TIPIN
MCM2,TIPIN
MCM3,TIPIN
RAD51,TIPIN
MCM6,TIPIN
MCM4,TIPIN
MCM7,TIPIN
MCM3,PPM1F
SPO11,XRCC3
RAD51,XRCC3
XRCC6,XRCC3
MCM5,PRR5
ORC2,PRR5
MCM6,MRPL20
CTR9,MRPL20
MAPK1,MRPL20
SNRPB,JARID2
HDAC2,JARID2
DDX58,ATG12
HDAC7,HDGFL3
POLR1B,HDGFL3
MCM5,HDGFL3
MCM3,KCTD12
ORC2,KCTD12
RAD51,KCTD12
ORC2,HAT1
RB1,HAT1
MCM3,HAT1
MCM5,HAT1
MCM4,HAT1
MCM7,HAT1
FEM1B,HAT1
MCM2,HAT1
MEIS1,HAT1
MCM6,CREBRF
GTF2F1,CREBRF
MCM5,CREBRF
MIS18BP1,CREBRF
POLR1B,SLC44A2
MCM2,SLC44A2
TCF19,PNCK
JUN,KAT7
MEIS1,FLT3
IKZF1,FLT3
REXO4,FLT3
SPI1,FLT3
MCM5,UHRF1
MCM6,UHRF1
MCM3,UHRF1
RAD51,UHRF1
MCM7,UHRF1
TCF19,UHRF1
MCM2,UHRF1
MCM4,UHRF1
MCM2,PPAT
RELB,PPAT
YBX1,PPAT
POLR1B,PPAT
MAPK1,PPAT
ERCC8,PPAT
JUN,GK
POLR1B,GK
SNRPB,GK
RELB,NDN
XPC,NDN
FOXO1,NDN
MCM2,TMEM37
IRF7,ZFP367
MIS18BP1,STAG2
MCM6,STAG2
CENPK,STAG2
ZBTB16,STAG2
ORC2,MCM5
MCM2,MCM5
MCM4,MCM5
MCM3,MCM5
MCM7,MCM5
MCM6,MCM5
RAD51,MCM5
MCM6,RCC1
MCM5,RCC1
MCM3,OSBPL8
MCM3,FIGNL1
MCM5,FIGNL1
RAD51,FIGNL1
RORC,IL17RA
POLR1B,IL17RA
POLR2B,IL17RA
ERCC8,IL17RA
MCM4,IL17RA
HMGB2,TBL3
PA2G4,TBL3
POLR1B,TBL3
IRF7,OAS3
TCF19,OAS3
MCM2,F11R
REXO4,F11R
RB1,NCAPG2
MCM7,NCAPG2
MCM6,NCAPG2
RAD51,NCAPG2
MCM5,NCAPG2
CENPK,NCAPG2
MCM3,NCAPG2
MCM4,NCAPG2
MCM3,CCNF
MCM5,CCNF
ZBTB16,CCNF
FEM1B,CCNF
RNF4,CCNF
GATA2,SLC31A1
MCM2,SLC31A1
MCM3,SLBP
MCM2,SLBP
SNRPB,SLBP
YBX1,SLBP
MCM5,SLBP
MCM4,SLBP
MCM6,SLBP
MCM7,SLBP
DEK,DDX21
POLR1B,DDX21
GTF2H1,BDH2
SMARCA2,BDH2
PA2G4,BDH2
EBF1,BDH2
CENPK,SLA
MCM2,PLA2G12A
MAPK1,IL6ST
MCM6,SLCO4A1
E2F4,VAV1
MCM5,TNPO1
IRF7,RTP4
IRF9,RTP4
DDX58,RTP4
CREB5,MAPK1
MYC,MAPK1
PA2G4,MAPK1
EGR1,MAPK1
FOXO1,MAPK1
RPS6KA5,MAPK1
JUN,MAPK1
MAPK12,MAPK1
REL,FBXO5
MCM3,FBXO5
TCF19,LGALS1
NFKBIA,ACAA2
MCM3,ACAA2
MCM4,ACAA2
MAPK1,LRRC59
XRCC6,MSH6
ERCC8,MSH6
RAD51,MSH6
XPC,MSH6
XRCC3,MSH6
MCM2,MSH6
MCM5,MSH6
MCM7,MSH6
MCM4,MSH6
MCM6,MSH6
FEM1B,DDX20
SNRPB,DDX20
CENPK,DDX20
HDAC2,DDX20
SNRPB,UQCRFS1
POLR2B,UQCRFS1
MCM5,UQCRFS1
HCFC1,BYSL
MCM5,BYSL
PA2G4,BYSL
CBFB,BYSL
POLR1B,BYSL
APBB1,APLP2
MCM7,HSPA4
MCM7,MYL10
MCM3,POLE3
MCM4,POLE3
MCM7,POLE3
MCM2,POLE3
MCM6,POLE3
GTF2H1,POLE3
ERCC8,POLE3
MCM5,POLE3
ORC2,POLE3
POLR2B,POLE3
MCM5,TXNIP
MCM2,FAR1
IRF7,PRPS2
MYC,CCNB1
RAD51,CCNB1
MIS18BP1,CCNB1
MCM5,CCNB1
HMGB2,CCNB1
CENPK,CCNB1
MCM6,CCNB1
MCM3,CCNB1
CBFB,CCNB1
MCM4,CCNB1
PA2G4,JCHAIN
ERCC8,JCHAIN
MCM5,GM11346
TCF19,GM11346
MYC,GM11346
SNRPB,PHF5A
IRF9,PHF5A
YBX1,PHF5A
GTF2F1,PHF5A
HIF3A,PHF5A
MCM5,PHF5A
POLR2B,PHF5A
MCM2,ENG
MAPK1,ENG
MCM4,BUB1
GTF2H1,BUB1
MCM7,BUB1
MIS18BP1,BUB1
TCF19,BUB1
MCM5,BUB1
GFI1B,BUB1
MCM3,BUB1
MCM6,BUB1
CENPK,BUB1
RAD51,BPIFC
HDAC2,NR3C2
ZFP36,TIMM29
MEIS1,PIK3IP1
MCM2,PIK3IP1
CBFB,PIK3IP1
MCM4,PIK3IP1
SPI1,RUNX1T1
RAD51,RUNX1T1
TOPORS,MLKL
MCM5,MLKL
RAD51,LY6A
POLR1B,LY6A
XRCC3,LY6A
HDAC2,MECOM
HIF3A,PSME4
MCM6,PSME4
BTAF1,PSME4
EPAS1,PSME4
TLR4,PSME4
NFKBIA,PSME4
RELB,PSME4
REL,PSME4
POLR2B,PSMG2
MCM7,TRMT6
PA2G4,TRMT6
POLR1B,TRMT6
MCM7,INCENP
MCM3,INCENP
MCM5,INCENP
CENPK,INCENP
DDX20,INCENP
MLLT3,INCENP
MCM2,INCENP
MCM4,INCENP
ORC2,IFI30
JUN,IFI30
MCM4,IFI30
SPI1,DUS1L
PA2G4,DUS1L
MCM5,EZR
HDAC11,EZR
REL,EZR
ABL1,CYFIP2
MAPK1,CYFIP2
MCM3,TIMP2
MCM6,TIMP2
MEIS1,NEIL3
ORC2,NEIL3
E2F4,MGAT5
MCM4,RAD51
XRCC6,RAD51
MCM6,RAD51
MCM7,RAD51
MCM5,RAD51
ABL1,RAD51
MCM2,RAD51
MCM3,RAD51
SPO11,RAD51
XRCC3,RAD51
RAD51,CDC20
RNF4,CDC20
MCM3,CDC20
ZBTB16,CDC20
TCF19,CDC20
MIS18BP1,CDC20
MCM4,CDC20
MCM2,CDC20
MCM7,CDC20
MCM6,CDC20
MYC,UBAC1
RNF4,UBAC1
IRF7,UBAC1
ZBTB16,UBAC1
MCM7,MTCH2
MCM3,MTCH2
RAD51,MCM6
MCM4,MCM6
MCM7,MCM6
ORC2,MCM6
MCM2,MCM6
MCM5,MCM6
MCM3,MCM6
HDAC2,CAND2
HCFC1,CAND2
HDAC2,SH2D5
MCM3,SH2D5
MAPK1,PSMD1
NFKBIA,PSMD1
RELB,PSMD1
MCM3,PSMD1
HMGB2,PSMD1
PA2G4,PSMD1
REL,PSMD1
MCM2,PSMD1
EPAS1,PSMD1
HIF3A,PSMD1
MCM4,IDH3A
EPAS1,EPRS
POLR1B,EPRS
MCM5,EPRS
MCM2,NDUFA10
CBFB,NDUFA10
RELB,TIMM50
MCM5,PITPNC1
ERCC8,PITPNC1
MCM2,RPA1
GTF2H1,RPA1
MCM6,RPA1
ERCC8,RPA1
MCM4,RPA1
POLR2B,RPA1
MCM7,RPA1
ORC2,RPA1
XRCC6,RPA1
XRCC3,RPA1
RAD51,TMEM206
MCM6,TMEM206
PA2G4,FCGR3
ORC2,FCGR3
HIF3A,FCGR3
TLR4,SYK
MCM5,SYK
REL,ITM2A
XRCC3,DNM1L
MCM7,DNM1L
RAD51,HUS1
POLR2B,HUS1
HDAC2,NAV1
GTF2F1,NAV1
ZBTB16,NAV1
POLR1B,NOP2
REXO4,NOP2
PA2G4,NOP2
MCM5,RACGAP1
MCM2,RACGAP1
MCM6,RACGAP1
MCM3,RACGAP1
MCM4,RACGAP1
RUVBL2,RACGAP1
RAD51,RACGAP1
MCM7,RACGAP1
MIS18BP1,RACGAP1
CENPK,PREP
MCM4,MS4A6C
BTAF1,MS4A6C
MCM5,CYP2J9
MCM7,CYP2J9
POLR2B,PBX1
MEIS1,PBX1
XRCC6,TGTP2
MCM4,B3GNT5
MIS18BP1,B3GNT5
ORC2,B3GNT5
MCM3,IFRD2
PA2G4,TGFBR1
EGR1,ADSL
MCM2,ADSL
MCM4,CCNB2
RAD51,CCNB2
MCM3,CCNB2
MCM2,CCNB2
MCM7,CCNB2
MCM5,CCNB2
TCF19,CCNB2
MCM6,CCNB2
CENPK,CCNB2
RELB,CCNB2
STAT2,IFITM1
MCM4,TRPC6
PA2G4,REXO4
MCM2,MCM4
MCM6,MCM4
RAD51,MCM4
MCM5,MCM4
MCM3,MCM4
PBX1,MCM4
MCM7,MCM4
ORC2,MCM4
STAT2,IFI44
DDX58,IFI44
IRF9,IFI44
IRF7,IFI44
SPI1,LCP2
MAPK12,ARRDC4
CENPK,SNHG5
EPAS1,SNHG5
MCM7,HASPIN
YBX1,HASPIN
MYC,CDK1
CENPK,CDK1
HMGB2,CDK1
MCM6,CDK1
MCM5,CDK1
MCM7,CDK1
MCM4,CDK1
RAD51,CDK1
ORC2,CDK1
E2F4,CDK1
MAPK12,VPS35
XRCC6,NDUFS1
JUN,HMGB3
MCM3,RAD21
MIS18BP1,RAD21
ERCC8,RAD21
MCM4,RAD21
CENPK,RAD21
MCM2,LRRC8B
GTF2H1,CAD
RELB,CAD
MCM3,EMB
SPI1,CD53
MAPK1,CD53
MCM7,WDHD1
MCM6,WDHD1
MCM4,WDHD1
IRF9,WDHD1
MCM2,WDHD1
ORC2,WDHD1
MCM3,WDHD1
GTF2F1,WDHD1
RAD51,WDHD1
MCM5,WDHD1
PA2G4,BC005561
MCM7,BC005561
POLR2B,BC005561
CTR9,BC005561
MLLT3,CASP4
SNRPB,CASP4
PA2G4,MAML3
MCM2,MAML3
MCM4,9530082P21RIK
CENPK,CEP55
MIS18BP1,CEP55
MCM5,CEP55
RAD51,CEP55
CENPK,RANGAP1
MCM6,RANGAP1
MCM7,RPA2
MCM4,RPA2
XRCC6,RPA2
MCM6,RPA2
RAD51,RPA2
ORC2,RPA2
RPS6KA5,RPA2
MCM2,RPA2
MCM3,RPA2
GTF2H1,RPA2
MYCN,NDRG1
TCF19,NDRG1
TLR4,TAB1
ORC2,TAB1
MIS18BP1,TAB1
MAPK12,TAB1
NFKBIA,TAB1
SNRPB,PRMT5
SMARCA2,PRMT5
MAPK1,CTSG
PA2G4,CTSG
H1F0,SEH1L
CENPK,SEH1L
MCM2,ATP6AP2
ZBTB16,CD34
CENPK,CD34
CENPK,GUSB
MAPK1,GUSB
PA2G4,GUSB
JUN,AFAP1L1
CENPK,HIF3A
JUN,HIF3A
MCM7,HIF3A
E2F4,HIF3A
EPAS1,HIF3A
MCM2,GM20559
ABL1,ERLIN1
IRF7,GBP2
RAD51,SCARF1
PA2G4,E2F4
NFKBIA,E2F4
RB1,E2F4
MEIS1,MARS
POLR1B,MARS
PA2G4,MARS
HMGB2,RANBP3
CENPK,ADORA2A
MIS18BP1,ADORA2A
CENPK,CKAP5
MCM3,CKS1B
MAPK12,CKS1B
HMGB2,F2R
TCF19,F2R
MAPK1,F2R
MCM3,CHRNB1
MCM4,CHRNB1
PA2G4,CHRNB1
DDX20,CAPG
MCM6,AI504432
TCF19,AI504432
RAD51,CCDC137
NFKBIA,TMEM229B
MYC,TMEM229B
MCM6,TMEM229B
MCM6,TCP11L2
MCM2,RGS19
DDX58,STAT2
IRF9,STAT2
RNF4,STAT2
IRF7,STAT2
POLR1B,PWP2
PA2G4,PWP2
ELP2,PWP2
CENPK,MIS12
IRF7,MIS12
BTG2,EGR1
MCM4,EGR1
JUN,EGR1
MAPK1,EGR1
MCM2,EGR1
RAD51,RRM2
HMGB2,RRM2
MCM7,RRM2
MCM5,RRM2
MCM2,RRM2
MCM4,RRM2
TCF19,RRM2
MIS18BP1,RRM2
MCM3,RRM2
MCM6,RRM2
TCF19,RORA
ELF1,RORA
RORC,RORA
ZBTB16,CUL3
MCM6,CUL3
MCM7,CUL3
RNF4,CUL3
XRCC3,CUL3
FEM1B,CUL3
MAPK12,PAK1
POLR2B,TOR3A
MCM4,BUB1B
EBF1,BUB1B
TCF19,BUB1B
MIS18BP1,BUB1B
MCM6,BUB1B
MCM2,BUB1B
MCM3,BUB1B
MCM7,BUB1B
CENPK,BUB1B
MCM5,BUB1B
MCM7,EBI3
MCM2,EBI3
MCM2,ZBTB38
MCM6,ZBTB38
DDX58,MCOLN2
PA2G4,MCOLN2
ZBTB16,MCOLN2
YBX1,PSEN1
PA2G4,WDR4
POLR1B,WDR4
BTG2,COL4A2
POLR2B,IMMT
ZBTB16,FEM1B
MLLT3,UBL4A
POLR1B,POLR2B
MLLT3,POLR2B
SNRPB,POLR2B
YBX1,POLR2B
POLR2B,POLR2B
PBX1,POLR2B
GTF2H1,POLR2B
TAF12,POLR2B
MEIS1,POLR2B
MCM7,POLR2B
MAPK12,MAPKAPK3
MCM2,CDCA8
MCM4,CDCA8
RAD51,CDCA8
CENPK,CDCA8
MCM3,CDCA8
MIS18BP1,CDCA8
TCF19,CDCA8
MCM7,CDCA8
MCM5,CDCA8
RB1,PNO1
POLR1B,PNO1
PA2G4,PNO1
POLR2B,PNO1
MIS18BP1,NOL9
RAD51,H2-OB
RAD51,NCAPH
MCM2,NCAPH
MCM7,NCAPH
MCM3,NCAPH
MCM5,NCAPH
MCM4,NCAPH
REXO4,TRMT11
PA2G4,TRMT11
POLR1B,TRMT11
MIS18BP1,TRMT11
MCM7,F13A1
TCF19,SLC18A2
MIS18BP1,SLC18A2
PA2G4,CLEC12A
CBX7,TEAD2
CBFB,CNIH1
RAD51,CNIH1
XRCC6,ETF1
MAPK1,ETF1
PA2G4,ETF1
POLR1B,ETF1
ORC2,MCM3
MCM7,MCM3
MCM2,MCM3
TCF19,MCM3
MCM6,MCM3
MCM5,MCM3
RAD51,MCM3
MCM4,MCM3
MCM5,NUPR1
SPO11,RUVBL2
HCFC1,RUVBL2
MCM6,BCL2
MAPK1,BCL2
MCM5,NUDT19
MCM6,NUDT19
MCM3,NUDT19
MCM5,ASF1B
MCM2,ASF1B
RAD51,ASF1B
MCM4,ASF1B
CENPK,ASF1B
MCM3,ASF1B
TCF19,ASF1B
MCM6,ASF1B
MCM7,ASF1B
CENPK,SLC43A3
MIS18BP1,FARSA
CBFB,FARSA
PA2G4,SUPV3L1
POLR1B,SUPV3L1
CENPK,MAP4K2
MCM3,ARL11
PA2G4,IARS
MCM5,IARS
MEIS1,GIMAP5
MCM7,GIMAP5
CBFB,GIMAP5
MCM4,MTMR4
RNF4,MTMR4
CTR9,CYC1
PHB2,CYC1
DDX58,CFP
MCM5,CFP
MCM5,CD82
MCM7,CD82
RB1,SCARB1
DEK,SCARB1
PA2G4,FUCA2
SPI1,FUCA2
MAPK1,FUCA2
XRCC3,FUCA2
POLR1B,FUCA2
MIS18BP1,FUCA2
MCM5,COQ8A
RB1,TIE1
IRF7,TIE1
POLR2B,MUC13
MAPK1,TMX3
RARB,H2AFX
MIS18BP1,H2AFX
EYA2,H2AFX
MEIS1,H2AFX
RAD51,H2AFX
CBFB,H2AFX
PBX1,H2AFX
XRCC6,H2AFX
DEK,H2AFX
HDAC2,H2AFX
MCM4,ACSS2
RAD51,TBC1D2B
STAT2,TMEM43
JUN,PTPRE
DEK,PTPRE
RAD51,TRPS1
MCM5,TRPS1
RNF4,ATP13A1
MCM3,ATP13A1
MCM7,ATP6AP1
MCM6,PEAR1
RAD51,RARB
SMARCA2,RARB
NFKBIA,RARB
ABL1,RARB
POLR2B,RARB
EBF1,IRF8
IRF7,IRF8
IKZF1,IRF8
SPI1,IRF8
MCM5,DUT
MCM6,DUT
MCM2,DUT
MCM7,DUT
MCM4,DUT
MCM3,DUT
MCM3,PLAA
CSRP3,OBSCN
MIS18BP1,CKAP2L
CENPK,CKAP2L
RUNX1T1,SPI1
MCM3,SPI1
JUN,SPI1
EBF1,SPI1
IRF8,SPI1
IKZF1,SPI1
TLR4,SPI1
MIS18BP1,SPI1
GATA2,SPI1
RAD51,SPI1
POLR1B,REXO2
XRCC6,REXO2
MCM4,REXO2
RAD51,OSTM1
MCM5,OSTM1
MCM4,PDE4B
MIS18BP1,PDE4B
MCM2,UBE2L6
ZBTB16,UBE2L6
DDX58,UBE2L6
RNF4,UBE2L6
E2F8,UBE2L6
ABL1,ABL2
CENPK,CENPL
MIS18BP1,CENPL
H1F0,HMGB2
MCM3,PLPPR3
MCM4,PLPPR3
YBX1,PLPPR3
TLR4,GFM1
DDX58,XAF1
MCM4,XAF1
MCM4,ADO
MCM3,ADO
RAD51,ADO
PA2G4,NMD3
POLR1B,NMD3
SPI1,TYROBP
MAPK12,H2-DMA
TSC22D3,TSC22D1
MCM7,HDC
MAPK1,MS4A3
NR3C2,MS4A3
MCM2,MS4A3
PHB2,MICU1
H1F0,MICU1
E2F8,SLC7A4
NFATC2,SLC7A4
MCM6,SLC7A4
LZTS1,EIF4ENIF1
MYC,CD69
GTF2H1,POLR1B
PA2G4,POLR1B
DEK,POLR1B
POLR2B,POLR1B
RB1,MFSD1
MAPK12,MFSD1
MYC,TRP53I11
MCM5,1700017B05RIK
SPO11,1700017B05RIK
MYC,PLAG1
GATA2,GFI1B
HDAC2,GFI1B
MEIS1,GFI1B
CREB5,GFI1B
DDX58,TEC
MIS18BP1,TCF19
MCM3,TCF19
MAPK12,TCF19
MIS18BP1,SLC2A3
MCM5,SLC2A3
POLR2B,MLLT3
MCM5,MLLT3
CTR9,MLLT3
DEK,MLLT3
MEIS1,MLLT3
GTF2F1,MLLT3
GTF2H1,MLLT3
JUN,NUP88
ZBTB16,NUP88
SPO11,NFE2
MCM3,NFE2
DDX58,DDX60
POLR2B,DDX60
IRF7,DDX60
MCM7,DDX60
PA2G4,DDX60
MIS18BP1,DLST
MCM2,DLST
MLLT3,ALDH9A1
GTF2H1,ALDH9A1
MCM2,ALDH9A1
MCM5,ACOX1
RARB,GM20342
IRF7,FOXRED1
REXO4,SIGLECG
PA2G4,EPAS1
YBX1,EPAS1
MCM2,EPAS1
HIF3A,EPAS1
RB1,EPAS1
TLR4,LY86
IRF8,LY86
PBX1,LY86
ORC2,PPP1CB
POLR1B,PPP1CB
CENPK,PPP1CB
RAD51,PPP1CB
RB1,PPP1CB
MCM7,PPP1CB
HCFC1,PPP1CB
CENPK,MR1
HDAC2,MR1
PA2G4,FCGR2B
MCM5,NCAPD2
EGR1,NCAPD2
MCM7,NCAPD2
MCM3,NCAPD2
MCM2,NCAPD2
MCM4,NCAPD2
MCM3,MTUS1
DDX20,MTUS1
XPC,KCNK5
MCM2,EEF1E1
RAD51,GM1966
MAPK1,JPT1
MCM3,JPT1
REL,PARP8
SPI1,PARP8
CENPK,SPCS3
MCM7,CYBC1
MIS18BP1,CYBC1
MCM3,CYBC1
ERCC8,ABCG2
TLR4,ABCG2
MCM6,ABCG2
PA2G4,PUS7
MCM2,PUS7
POLR1B,PUS7
TLR4,PUS7
POLR1B,LACTB
MAPK1,NFIA
RNF4,DHFR
MYCN,DHFR
MCM4,DHFR
MCM6,ALDOC
SNRPB,ALDOC
PA2G4,ALDOC
MCM4,ALDOC
PLAG1,ALDOC
ELF1,CBFB
SMARCA2,CBFB
ABL1,CBFB
GATA2,CBFB
ORC2,TUBGCP2
MCM3,TUBGCP2
TLR4,TUBGCP2
CENPK,CENPO
MIS18BP1,CENPO
YBX1,CENPO
IRF9,RAB31
PHB2,PARVG
HDAC2,PARVG
RAD51,PARVG
MCM4,NUS1
MCM6,NUS1
MCM7,CREB5
POLR1B,CREB5
MAPK1,CREB5
ATF7,CREB5
JUN,CREB5
DDX58,GNS
MAPK1,GNS
PA2G4,GNS
POLR1B,FRRS1
ATF7,FRRS1
YBX1,ADGRL4
RB1,LSP1
RARB,CERS4
ORC2,CST7
MCM5,SMC2
MCM2,SMC2
MCM3,SMC2
RB1,SMC2
MCM7,SMC2
ELP2,SMC2
MCM6,SMC2
MIS18BP1,SMC2
MCM4,SMC2
RAD51,SMC2
MIS18BP1,NUSAP1
MCM2,NUSAP1
XRCC3,NUSAP1
MAPK1,GIMAP6
FOXO1,EDEM1
POLR1B,EDEM1
IRF7,EDEM1
PA2G4,MINDY3
MCM5,IIGP1
GATA2,IIGP1
MCM7,TSPAN3
MCM7,CIP2A
MCM4,CIP2A
RAD51,LHCGR
MED16,NAA50
MAPK1,HP
DDX58,TMEM173
HMGB2,TMEM173
EPAS1,TMEM173
MCM4,NARS
SPI1,SPTBN1
MCM6,SPTBN1
MIS18BP1,SPTBN1
GTF2H1,TMEM176A
MCM2,TMEM176A
RAD51,PHKB
MCM3,RPAP1
CTR9,RPAP1
ERCC8,SLC28A2
SPI1,SLC28A2
DEK,SLC28A2
IRF7,SLC28A2
MCM4,SESN1
IRF7,PRTN3
MCM2,PRTN3
MCM7,TRIM30D
MCM6,TRIM30D
POLR2B,TRIM30D
MCM2,MCM10
RAD51,MCM10
MCM5,MCM10
MCM4,MCM10
MCM6,MCM10
MCM7,MCM10
ORC2,MCM10
XPC,MCM10
MCM3,MCM10
MCM3,POLE
MCM2,POLE
MCM7,POLE
GTF2H1,POLE
ERCC8,POLE
ORC2,POLE
MCM6,POLE
MCM5,POLE
POLR2B,POLE
RAD51,POLE
CENPK,GATM
POLR2B,YBX1
MCM2,YBX1
GTF2F1,YBX1
SNRPB,YBX1
MCM5,BTK
MCM3,BTK
BTAF1,BTK
MCM7,BTK
MCM4,TOPORS
POLR2B,RBPMS
MYC,FEM1A
FEM1B,FEM1A
ZBTB16,FEM1A
MCM4,KIF11
MCM3,KIF11
MCM2,KIF11
MCM6,KIF11
RAD51,KIF11
MCM5,KIF11
MIS18BP1,KIF11
MCM7,KIF11
MCM7,TBXAS1
NFKBIA,TBXAS1
MAPK12,MBNL3
CENPK,MBNL3
CBFB,GATA2
MYC,GATA2
MCM3,GATA2
RUNX1T1,GATA2
SPI1,GATA2
GFI1B,GATA2
IRF8,EBF1
FOXO1,EBF1
SPI1,EBF1
MCM4,EBF1
IKZF1,EBF1
MCM3,EBF1
NFKBIA,NUDCD1
POLR1B,MEIS1
POLR2B,MEIS1
PBX1,MEIS1
MLLT3,MEIS1
GFI1B,MEIS1
TLR4,CTPS
POLR2B,CTPS
POLR1B,CTPS
PA2G4,CTPS
MCM2,LMAN2L
XRCC3,LMAN2L
MCM6,PTTG1IP
MAPK1,PLAC8
PA2G4,PLAC8
XRCC6,PLAC8
HDAC11,ATRN
MCM5,ATRN
CENPK,LZTS1
MCM4,SERPINB9
TSC22D3,NEAT1
MCM6,NEAT1
NR3C2,NEAT1
ERCC8,NEAT1
MCM6,FAM111A
MCM3,FAM111A
MCM2,HEXA
MCM3,HEXA
MCM4,ABITRAM
MCM4,ABCB8
SNRPB,SF3B3
GTF2F1,SF3B3
YBX1,SF3B3
POLR2B,SF3B3
EGR1,SF3B3
RNF4,CD300A
RAD51,CD300A
MYC,CD300A
MCM5,CD300A
ABL1,PLXDC2
MCM7,PLXDC2
MCM2,SLA2
RB1,KCTD20
PBX1,WDR5
RARB,WDR5
MEIS1,WDR5
POLR2B,WDR5
CBFB,WDR5
JUN,WDR5
HCFC1,WDR5
RUVBL2,WDR5
ERCC8,WDR5
NFKBIA,FBXW11
REL,FBXW11
ZBTB16,FBXW11
RELB,FBXW11
FEM1B,FBXW11
RNF4,FBXW11
MCM3,DDX1
E2F4,DDX1
RUVBL2,NWD1
MCM3,NWD1
ORC2,ORC6
MCM7,ORC6
MCM2,ORC6
MCM3,ORC6
MCM5,ORC6
MCM4,ORC6
MCM6,ORC6
RAD51,AURKA
MCM6,AURKA
MCM5,AURKA
MCM4,AURKA
CENPK,AURKA
CBX7,AURKA
MYCN,AURKA
MYC,AURKA
XRCC3,AURKA
MCM7,AURKA
MCM4,PRDM16
MCM5,PRDM16
SPI1,PRDM16
SPI1,CSF3R
NFKBIA,PSMD6
EPAS1,PSMD6
ORC2,PSMD6
REL,PSMD6
RELB,PSMD6
HIF3A,PSMD6
POLR1B,PTDSS1
POLR1B,NSUN2
POLR2B,USP14
MCM6,USP14
MCM4,BIRC5
MCM2,BIRC5
MCM3,BIRC5
MIS18BP1,BIRC5
MCM5,BIRC5
CENPK,BIRC5
HMGB2,BIRC5
TCF19,BIRC5
MCM7,BIRC5
MCM6,BIRC5
MCM6,EPSTI1
SPI1,EPSTI1
KLF6,EPSTI1
XRCC3,EPSTI1
SMARCA2,PHF10
MCM2,CD52
ZBTB16,ARHGAP15
MCM2,NFAT5
MCM5,NFAT5
RNF4,HNRNPLL
PA2G4,EIF3B
POLR1B,EIF3B
PHB2,EIF3B
JUN,STT3A
MCM4,STT3A
DDX58,IRF9
STAT2,IRF9
IRF7,IRF9
MCM3,IRF9
MCM7,SORL1
JUN,PLXNA4OS1
MEIS1,PLXNA4OS1
DDX20,GEMIN5
MCM2,GEMIN5
SNRPB,GEMIN5
ERCC8,GEMIN5
MCM3,GEMIN5
MCM5,ZDHHC6
EPAS1,PSME3
EBF1,PSME3
REL,PSME3
RELB,PSME3
NFKBIA,PSME3
HIF3A,PSME3
POLR2B,RPRD1B
GTF2F1,RPRD1B
JUN,BC035044
RAD51,CD48
PA2G4,CD48
MAPK1,CDK18
PA2G4,CDK18
POLR2B,CDK18
ORC2,CDK18
GATA2,PECAM1
JUN,NFATC2
REL,NFATC2
MCM2,NFATC2
PA2G4,GNL3
POLR1B,GNL3
IRF7,GNL3
MCM2,AP3S1
CENPK,AP3S1
MCM2,TRIM59
POLR2B,KIF17
IRF7,KIF17
FOXO1,SELL
MCM5,TPX2
MCM4,TPX2
MIS18BP1,TPX2
NFATC2,TPX2
MCM3,TPX2
RAD51,TPX2
CBFB,PRKCH
MCM2,PRKCH
FEM1B,PRKCH
MCM3,PRKCH
ERCC8,ELP2
RAD51,SEC24D
POLR2B,SEC24D
GTF2H1,SEC24D
ORC2,INTS13
JARID2,INTS13
SPI1,RGS18
RAD51,RGS18
MCM6,INPP5B
YBX1,INPP5B
DDX58,SAMD9L
MIS18BP1,KNSTRN
HMGB2,KNSTRN
MCM4,ELOVL5
MCM5,CDC6
MCM3,CDC6
E2F8,CDC6
MCM2,CDC6
HIF3A,CDC6
ORC2,CDC6
MCM4,CDC6
MCM7,CDC6
MCM6,CDC6
RAD51,CDC6
JUN,TOMM40
PHB2,TOMM40
ORC2,GMNN
MCM7,GMNN
MCM2,GMNN
MCM4,GMNN
MCM5,GMNN
MCM3,GMNN
MCM6,GMNN
RAD51,GMNN
SPI1,PLEK
MAPK1,ELANE
PA2G4,ELANE
ORC2,PIK3R2
POLR2B,INTS8
GTF2F1,INTS8
RAD51,INTS8
ERCC8,GNG2
RNF4,GNG2
MCM2,PRC1
MCM5,PRC1
MCM6,PRC1
MCM4,PRC1
MCM7,PRC1
MIS18BP1,PRC1
MCM3,PRC1
GTF2F1,UPP1
POLR1B,UPP1
GTF2H1,UPP1
FEM1B,SARAF
STAT2,CISH
FEM1B,CISH
ZBTB16,CISH
GFI1B,HARS
E2F4,PKIB
MCM2,PKIB
POLR1B,PKIB
REXO4,FTSJ3
PA2G4,FTSJ3
POLR1B,FTSJ3
MCM3,FTSJ3
HDAC2,FDFT1
MCM5,FDFT1
POLR2B,TLE2
MCM6,TLE2
BTG2,ACOT9
PA2G4,LONP1
POLR2B,GTF2H1
CTR9,GTF2H1
MLLT3,GTF2H1
GTF2F1,GTF2H1
ERCC8,GTF2H1
TAF12,GTF2H1
POLR1B,GTF2H1
XPC,GTF2H1
POLR2B,MED16
MYC,MED16
ORC2,TECPR1
MCM2,TECPR1
MCM7,TECPR1
E2F4,GPR65
RAD51,VIPR2
MCM7,VIPR2
IRF9,CNN3
XPC,CNN3
RB1,CNN3
MCM7,GBP7
IRF7,GBP7
MCM5,PRKCQ
RAD51,PRKCQ
RAD51,TAF12
GTF2H1,TAF12
POLR2B,TAF12
MCM5,TAF12
GTF2F1,TAF12
SNRPB,CSTF2
YBX1,CSTF2
MCM6,CSTF2
GTF2F1,CSTF2
POLR2B,CSTF2
MYC,DOCK10
TLR4,TES
ABL1,TES
MCM4,TES
MAPK1,PFKFB3
GTF2F1,PFKFB3
BTAF1,ZFP467
RAD51,MEMO1
FOXO1,MEMO1
SNRPB,RMND5A
EGR1,RMND5A
HDAC7,RMND5A
IRF8,PHF11B
POLR2B,RFC4
MCM4,RFC4
MCM6,RFC4
XRCC3,RFC4
ERCC8,RFC4
GTF2H1,RFC4
MCM3,RFC4
MCM5,RFC4
MCM7,RFC4
RAD51,RFC4
TLR4,CYP2J6
MCM6,CYP2J6
CENPK,TBC1D10C
MCM5,ADSSL1
PA2G4,ADSSL1
RPS6KA5,MAPK12
MAPK1,MAPK12
GTF2H1,MAPK12
JUN,MAPK12
MCM4,MAPK12
ABL1,MAPK12
MCM2,RRM1
MCM7,RRM1
ORC2,RRM1
CENPK,RRM1
MCM6,RRM1
ABL1,RRM1
MCM4,RRM1
MCM5,RRM1
MCM3,RRM1
MCM5,MYO1F
RARB,MYO1F
MCM2,DDX58
IRF7,DDX58
TLR4,DDX58
SPI1,DDX58
STAT2,DDX58
IRF9,DDX58
ABL1,NUDT4
MCM3,SLC26A2
MCM7,SLC26A2
CENPK,SLC26A2
SNRPB,STRAP
DDX20,STRAP
CENPK,RAB38
MCM2,EFCC1
MCM5,IGKC
MCM7,IGKC
MCM2,CCL4
GTF2H1,CTTN
RAD51,CTTN
FOXO1,CTSO
MCM5,CRISPLD1
MCM6,CRISPLD1
MIS18BP1,2610035D17RIK
MCM7,NASP
MCM3,NASP
MCM2,NASP
MCM4,NASP
RUVBL2,NASP
MCM5,NASP
MCM6,NASP
MAPK1,NASP
MAPK1,STOM
TCF19,CTLA2A
EPAS1,CTSF
MYC,ODC1
MCM3,ODC1
YBX1,PRPF4
MCM2,PRPF4
GTF2F1,PRPF4
SNRPB,PRPF4
HCFC1,PRPF4
POLR2B,PRPF4
MYC,SPNS3
POLR1B,FAM76B
SNRPB,FAM76B
POLR2B,FAM76B
NDN,FAM76B
MCM3,FAM76B
CREB5,ATF7
MCM2,DNAJC9
MCM7,DNAJC9
MCM5,DNAJC9
CENPK,MIS18BP1
MCM4,MIS18BP1
POLR2B,MIS18BP1
CENPK,MAD2L1
MCM2,MAD2L1
HMGB2,MAD2L1
MCM4,MAD2L1
RAD51,MAD2L1
MCM5,MAD2L1
MCM3,MAD2L1
MCM7,MAD2L1
MCM6,MAD2L1
MAPK1,MAD2L1
ERCC8,CPA3
RB1,CDKN1A
MYC,CDKN1A
E2F4,CDKN1A
FOXO1,CDKN1A
ABL1,CDKN1A
MCM4,CDKN1A
PBX1,RPP40
MCM7,JPT2
MCM6,JPT2
HCFC1,NUAK2
RAD51,NCEH1
GTF2F1,NCEH1
MCM5,RP2
ERCC8,RP2
POLR1B,RNF122
ABL1,RNF122
MCM6,SULT1A1
MYC,SULT1A1
IRF7,ST6GALNAC4
RAD51,ST6GALNAC4
GTF2H1,ENPP5
MCM3,ENPP5
PA2G4,ENPP5
ORC2,CENPA
MIS18BP1,CENPA
MCM5,CENPA
CENPK,CENPA
MCM4,CLEC4E
MCM6,CNRIP1
MAPK1,ANXA2
MECOM,ANXA2
MCM2,ANXA2
PA2G4,ANXA2
MCM5,CENPF
CENPK,CENPF
MIS18BP1,CENPF
MCM7,RGCC
MCM5,QARS
JUN,ICAM1
EGR1,ICAM1
TLR4,ICAM1
NFKBIA,ICAM1
ZBTB16,CERS6
GTF2F1,CERS6
MCM5,SPC25
CENPK,SPC25
MCM3,SPC25
ABL1,FAM171A1
MCM5,IDH1
MEIS1,NEURL3
IRF9,CD63-PS
MYCN,CD63-PS
MCM3,CD63-PS
MIS18BP1,TSPAN2
IKZF1,TRIM47
MCM4,TRIM47
XRCC6,MRPL37
TCF19,MRPL37
IRF8,MRPL37
CENPK,ITSN1
MCM4,NOLC1
NFKBIA,NOLC1
PA2G4,NOLC1
BTG2,NOLC1
POLR1B,NOLC1
POLR2B,RNF4
ZBTB16,RNF4
EPAS1,FES
HMGB2,FES
MIS18BP1,GM4759
RUVBL2,GM4759
MCM3,SLC35B4
POLR2B,TSPOAP1
IKZF1,TSPOAP1
HDAC2,TSPOAP1
MAPK1,GALNS
GTF2H1,GALNS
PA2G4,GALNS
MCM4,TSC22D3
MAPK1,TSC22D3
SNRPB,IFI203
MCM3,ZFP451
MCM6,ZFP451
ORC2,AP1S2
MCM2,TRIM16
NFKBIA,TRIM16
STAT2,TRIM16
PA2G4,TIFAB
HIF3A,TNFRSF21
POLR2B,ART4
MCM4,SETD2
CTR9,SETD2
POLR2B,SETD2
PA2G4,ZFP53
RAD51,ZFP53
MAPK1,MTMR1
MCM3,MTMR1
CBFB,ELF1
RAD51,CCL9
SPO11,CCL9
EGR1,SLC35A4
MCM7,MTFR1
MCM5,SOAT1
MCM6,RHOF
RAD51,PLEKHO2
TAF12,GTF2F1
POLR2B,GTF2F1
MYC,GTF2F1
SNRPB,GTF2F1
YBX1,GTF2F1
GTF2H1,GTF2F1
MCM5,GTF2F1
MLLT3,GTF2F1
ERCC8,GTF2F1
CTR9,GTF2F1
REL,RELB
GTF2F1,RELB
MYC,RELB
PBX1,RELB
NFKBIA,RELB
MCM4,RELB
REL,NFKBIA
RELB,NFKBIA
HMGB2,H1F0
RB1,H1F0
H1F0,H1F0
TCF19,H1F0
GTF2F1,H1F0
PHF10,SMARCA2
MCM6,SMARCA2
HDAC2,SMARCA2
DDX58,SMARCA2
CBFB,SMARCA2
CENPK,PHB2
EBF1,IKZF1
IRF8,IKZF1
SPI1,IKZF1
MCM5,IKZF1
GTF2H1,ERCC8
XRCC6,ERCC8
POLR2B,ERCC8
XPC,ERCC8
MCM3,ERCC8
HDAC2,CBX7
JARID2,CBX7
XPC,HCFC1
RUVBL2,HCFC1
DDX58,APBB1
MCM5,APBB1
MCM2,APBB1
MIS18BP1,APBB1
MAPK12,RPS6KA5
MAPK1,RPS6KA5
MCM3,RPS6KA5
MIS18BP1,HMBS
XRCC3,HMBS
FOXO1,HMBS
GTF2F1,SATB1
STAT2,SATB1
ZBTB16,GIMAP8
TCF19,GIMAP8
FOXO1,PTGS1
SNRPB,RPN1
JUN,SERP1
IRF9,SERP1
MCM5,MXD3
RAD51,SLC19A1
MCM5,RABGGTB
MCM4,CDCA7
MCM5,CDCA7
MCM7,CDCA7
SNRPB,CDCA7
MCM2,CDCA7
MCM3,CDCA7
MCM3,NUP85
MCM6,NUP85
JUN,NUP85
CENPK,NUP85
MCM4,ESAM
GTF2F1,ESAM
GTF2H1,TM7SF3
HMGB2,IL27RA
RB1,IL27RA
MAPK1,ZFAND5
CENPK,RGS1
RAD51,RGS1
MCM6,STXBP4
RAD51,STXBP4
GTF2H1,PDE4D
TLR4,MPO
MAPK1,MPO
SPI1,MPO
PA2G4,MPO
MLLT3,PCMTD2
MAPK1,RPS6KA3
MCM4,CCNA2
MCM7,CCNA2
TCF19,CCNA2
MCM5,CCNA2
CENPK,CCNA2
RB1,CCNA2
HMGB2,CCNA2
RAD51,CCNA2
RNF4,CCNA2
MCM2,CCNA2
GTF2F1,PCLAF
MCM5,PCLAF
HDAC7,PCLAF
MIS18BP1,CENPE
RAD51,CENPE
CENPK,CENPE
POLR1B,TINAGL1
DDX58,GOLT1B
IKZF1,GOLT1B
REL,DNTT
XRCC3,TSPAN14
POLR1B,RASA4
JUN,RASA4
MCM3,RASA4
TLR4,GSR
MCM7,GSR
MCM5,D1ERTD622E
MAPK1,ELAC2
MCM5,ELAC2
MCM2,ELAC2
POLR1B,ELAC2
MCM4,RASSF4
ORC2,PRIM2
MCM7,PRIM2
PHB2,PRIM2
RB1,PRIM2
MAPK1,PRIM2
MCM4,PRIM2
MCM6,PRIM2
MCM2,PRIM2
MCM5,PRIM2
MCM3,PRIM2
CREB5,UBR7
RAD51,UBR7
EPAS1,BACE1
MCM4,BACE1
APBB1,BACE1
IRF7,GBP3
HMGB2,GBP3
DDX58,AHCYL1
RNF4,SLC25A46
GTF2H1,SLC25A46
MCM5,SLC25A46
STAT2,NSD2
MIS18BP1,NSD2
ERCC8,TMEM50B
DDX20,TMEM50B
HIF3A,PSMD9
REL,PSMD9
EPAS1,PSMD9
RELB,PSMD9
NFKBIA,PSMD9
RAD51,GCLC
CENPK,RNF38
MAPK1,GLB1
SNRPB,GLB1
PA2G4,GLB1
POLR1B,SSH3
MCM3,CDT1
MCM7,CDT1
ORC2,CDT1
MCM6,CDT1
MCM5,CDT1
MCM4,CDT1
MCM2,CDT1
RB1,CDKN1C
ABL1,CDKN1C
E2F4,CDKN1C
MCM2,KIF22
MCM5,KIF22
MCM3,KIF22
ORC2,METTL27
XRCC6,CLN5
POLR1B,CLN5
RAD51,CLN5
RB1,CD74
FEM1B,CD74
MAPK12,CD74
IRF8,CD74
MCM5,GM8113
REL,AGPS
MCM5,SMPDL3A
RORC,TCN2
HMGB2,TCN2
ORC2,LDHB
TAF12,DUSP1
RAD51,DUSP1
MAPK1,DUSP1
BTG2,DUSP1
EGR1,DUSP1
TSC22D3,DUSP1
MAPK12,DUSP1
ZFP36,DUSP1
JUN,DUSP1
IRF7,SRSF1
MCM6,CD93
RB1,CD93
MCM3,9530068E07RIK
MCM6,FAM136A
ZBTB16,ADGRG3
MCM5,ADGRG3
MCM6,SZT2
MIS18BP1,SLC30A5
MCM3,SLC30A5
RNF4,UBA7
IRF7,UBA7
ZBTB16,UBA7
MYC,UBA7
PA2G4,ADA
REXO4,ADA
CENPK,SNX30
MAPK1,SNX30
MCM2,SRM
IRF7,SRM
PA2G4,SRM
MAPK1,FGL2
YBX1,FGL2
MCM5,FGL2
MCM3,FGL2
MCM5,SHISA5
CENPK,GCNT2
MCM3,CCR2
KLF6,JUN
GTF2F1,POLR2B
RARB,POLR2B
CTR9,POLR2B
JUN,POLR2B
MYB,SPI1
